{"type":"rtmp_common","settings":{"service":"YouTube - RTMPS","protocol":"RTMPS","server":"rtmps://a.rtmps.youtube.com:443/live2","bwtest":false,"key":"","stream_key_link":"https://www.youtube.com/live_dashboard","multitrack_video_name":"Multitrack Video","multitrack_video_disclaimer":"Multitrack Video automatically optimizes your settings to encode and send multiple video qualities to YouTube - RTMPS. Selecting this option will send YouTube - RTMPS information about your computer and software setup."}}